"","Area","Value","Address","Unit"
"1","1,693","$1,100,000","130 S 18TH ST","1001"
"2","1,705","$1,108,000","130 S 18TH ST","1002"
"3","2,566","$1,698,000","130 S 18TH ST","1003"
"4","3,229","$2,482,000","130 S 18TH ST","1004"
"5","1,524","$1,020,000","130 S 18TH ST","1005"
"6","1,693","$1,100,000","130 S 18TH ST","1101"
"7","1,706","$1,109,000","130 S 18TH ST","1102"
"8","2,566","$1,698,000","130 S 18TH ST","1103"
"9","3,277","$2,210,000","130 S 18TH ST","1104"
"10","1,523","$1,020,000","130 S 18TH ST","1105"
"11","1,692","$1,100,000","130 S 18TH ST","1201"
"12","1,707","$1,109,000","130 S 18TH ST","1202"
"13","2,566","$1,698,000","130 S 18TH ST","1203"
"14","1,689","$1,098,000","130 S 18TH ST","1204"
"15","1,526","$992,000","130 S 18TH ST","1205"
"16","1,514","$1,014,000","130 S 18TH ST","1206"
"17","1,692","$1,100,000","130 S 18TH ST","1301"
"18","1,707","$1,109,000","130 S 18TH ST","1302"
"19","2,566","$1,698,000","130 S 18TH ST","1303"
"20","1,689","$1,098,000","130 S 18TH ST","1304"
"21","1,526","$992,000","130 S 18TH ST","1305"
"22","1,514","$1,014,000","130 S 18TH ST","1306"
"23","1,692","$1,100,000","130 S 18TH ST","1401"
"24","1,707","$1,109,000","130 S 18TH ST","1402"
"25","2,566","$1,698,000","130 S 18TH ST","1403"
"26","1,689","$1,098,000","130 S 18TH ST","1404"
"27","1,526","$992,000","130 S 18TH ST","1405"
"28","1,514","$1,014,000","130 S 18TH ST","1406"
"29","2,294","$1,521,000","130 S 18TH ST","1501"
"30","2,210","$1,436,000","130 S 18TH ST","1502"
"31","1,860","$1,230,400","130 S 18TH ST","1503"
"32","4,421","$2,874,300","130 S 18TH ST","1504"
"33","2,294","$1,521,000","130 S 18TH ST","1601"
"34","2,210","$1,436,000","130 S 18TH ST","1602"
"35","2,588","$1,712,000","130 S 18TH ST","1603"
"36","3,693","$2,401,000","130 S 18TH ST","1604"
"37","2,294","$1,521,000","130 S 18TH ST","1701"
"38","2,210","$1,436,000","130 S 18TH ST","1702"
"39","2,588","$1,712,000","130 S 18TH ST","1703"
"40","3,693","$2,401,000","130 S 18TH ST","1704"
"41","2,294","$1,521,000","130 S 18TH ST","1801"
"42","2,210","$1,436,000","130 S 18TH ST","1802"
"43","1,873","$1,239,000","130 S 18TH ST","1803"
"44","4,408","$2,865,900","130 S 18TH ST","1804"
"45","2,294","$1,521,000","130 S 18TH ST","1901"
"46","1,900","$1,436,000","130 S 18TH ST","1902"
"47","3,032","$1,712,000","130 S 18TH ST","1903"
"48","3,693","$2,401,000","130 S 18TH ST","1904"
"49","2,294","$1,521,000","130 S 18TH ST","2001"
"50","2,210","$1,436,000","130 S 18TH ST","2002"
"51","2,588","$1,712,000","130 S 18TH ST","2003"
"52","3,693","$2,401,000","130 S 18TH ST","2004"
"53","2,294","$1,521,000","130 S 18TH ST","2101"
"54","2,210","$1,436,000","130 S 18TH ST","2102"
"55","2,588","$1,712,000","130 S 18TH ST","2103"
"56","3,693","$2,401,000","130 S 18TH ST","2104"
"57","2,294","$1,521,000","130 S 18TH ST","2201"
"58","2,210","$1,436,000","130 S 18TH ST","2202"
"59","2,588","$1,712,000","130 S 18TH ST","2203"
"60","3,693","$2,401,000","130 S 18TH ST","2204"
"61","2,294","$1,521,000","130 S 18TH ST","2301"
"62","2,210","$1,436,000","130 S 18TH ST","2302"
"63","2,588","$1,712,000","130 S 18TH ST","2303"
"64","3,693","$2,401,000","130 S 18TH ST","2304"
"65","2,294","$1,521,000","130 S 18TH ST","2401"
"66","2,210","$1,436,000","130 S 18TH ST","2402"
"67","2,588","$1,712,000","130 S 18TH ST","2403"
"68","3,693","$2,401,000","130 S 18TH ST","2404"
"69","2,294","$1,521,000","130 S 18TH ST","2501"
"70","2,210","$1,436,000","130 S 18TH ST","2502"
"71","2,588","$1,712,000","130 S 18TH ST","2503"
"72","3,693","$2,401,000","130 S 18TH ST","2504"
"73","2,294","$2,042,000","130 S 18TH ST","2601"
"74","2,209","$1,928,000","130 S 18TH ST","2602"
"75","2,588","$2,299,000","130 S 18TH ST","2603"
"76","3,608","$3,173,000","130 S 18TH ST","2604"
"77","2,294","$2,042,000","130 S 18TH ST","2701"
"78","2,209","$1,928,000","130 S 18TH ST","2702"
"79","2,588","$2,299,000","130 S 18TH ST","2703"
"80","3,563","$3,131,000","130 S 18TH ST","2704"
"81","2,560","$2,336,000","130 S 18TH ST","2801"
"82","4,934","$4,503,000","130 S 18TH ST","2803"
"83","2,926","$2,670,000","130 S 18TH ST","2804"
"84","2,294","$2,083,800","130 S 18TH ST","2901"
"85","2,209","$2,006,600","130 S 18TH ST","2902"
"86","2,588","$2,350,800","130 S 18TH ST","2903"
"87","3,287","$2,985,800","130 S 18TH ST","2904"
"88","2,294","$2,084,300","130 S 18TH ST","3001"
"89","2,209","$2,007,000","130 S 18TH ST","3002"
"90","2,588","$2,351,300","130 S 18TH ST","3003"
"91","3,287","$2,986,400","130 S 18TH ST","3004"
"92","4,162","$4,800,000","130 S 18TH ST","3302"
"93","697","$312,300","1701 LOCUST ST","1401"
"94","1,199","$544,900","1701 LOCUST ST","1402"
"95","1,978","$855,200","1701 LOCUST ST","1404"
"96","1,614","$694,200","1701 LOCUST ST","1412"
"97","2,421","$1,052,200","1701 LOCUST ST","1414"
"98","712","$319,200","1701 LOCUST ST","1415"
"99","417","$184,300","1701 LOCUST ST","1417"
"100","697","$312,300","1701 LOCUST ST","1501"
"101","423","$187,100","1701 LOCUST ST","1503"
"102","1,978","$855,200","1701 LOCUST ST","1504"
"103","531","$236,300","1701 LOCUST ST","1507"
"104","2,000","$864,900","1701 LOCUST ST","1509"
"105","1,296","$590,200","1701 LOCUST ST","1510"
"106","1,614","$694,200","1701 LOCUST ST","1512"
"107","712","$319,200","1701 LOCUST ST","1515"
"108","381","$185,900","1701 LOCUST ST","1516"
"109","1,199","$544,900","1701 LOCUST ST","1602"
"110","1,978","$855,200","1701 LOCUST ST","1604"
"111","1,116","$506,300","1701 LOCUST ST","1605"
"112","2,000","$864,900","1701 LOCUST ST","1609"
"113","1,296","$590,200","1701 LOCUST ST","1610"
"114","1,614","$694,200","1701 LOCUST ST","1612"
"115","2,421","$1,052,200","1701 LOCUST ST","1614"
"116","712","$319,200","1701 LOCUST ST","1615"
"117","697","$312,300","1701 LOCUST ST","1701"
"118","1,978","$855,200","1701 LOCUST ST","1704"
"119","1,116","$506,300","1701 LOCUST ST","1705"
"120","531","$236,300","1701 LOCUST ST","1707"
"121","2,000","$864,900","1701 LOCUST ST","1709"
"122","712","$319,200","1701 LOCUST ST","1715"
"123","381","$185,900","1701 LOCUST ST","1716"
"124","423","$187,100","1701 LOCUST ST","1803"
"125","1,978","$855,200","1701 LOCUST ST","1804"
"126","531","$236,300","1701 LOCUST ST","1807"
"127","2,000","$864,900","1701 LOCUST ST","1809"
"128","1,296","$590,200","1701 LOCUST ST","1810"
"129","2,421","$1,052,200","1701 LOCUST ST","1814"
"130","381","$185,900","1701 LOCUST ST","1816"
"131","417","$184,300","1701 LOCUST ST","1817"
"132","1,199","$544,900","1701 LOCUST ST","1902"
"133","1,116","$506,300","1701 LOCUST ST","1905"
"134","345","$167,900","1701 LOCUST ST","1906"
"135","531","$236,300","1701 LOCUST ST","1907"
"136","2,000","$864,900","1701 LOCUST ST","1909"
"137","2,421","$1,052,200","1701 LOCUST ST","1914"
"138","1,199","$544,900","1701 LOCUST ST","2002"
"139","423","$187,100","1701 LOCUST ST","2003"
"140","1,997","$863,600","1701 LOCUST ST","2009"
"141","1,290","$587,400","1701 LOCUST ST","2010"
"142","756","$339,500","1701 LOCUST ST","2012"
"143","376","$183,400","1701 LOCUST ST","2016"
"144","1,547","$664,600","1701 LOCUST ST","2112"
"145","410","$181,200","1701 LOCUST ST","2117"
"146","4,166","$4,158,000","1706 RITTENHOUSE SQ","1001"
"147","4,166","$4,332,000","1706 RITTENHOUSE SQ","1101"
"148","4,166","$4,332,000","1706 RITTENHOUSE SQ","1201"
"149","4,166","$4,332,000","1706 RITTENHOUSE SQ","1301"
"150","4,166","$4,332,000","1706 RITTENHOUSE SQ","1401"
"151","4,166","$4,332,000","1706 RITTENHOUSE SQ","1501"
"152","4,166","$4,551,000","1706 RITTENHOUSE SQ","1601"
"153","4,166","$4,551,000","1706 RITTENHOUSE SQ","1701"
"154","4,166","$4,551,000","1706 RITTENHOUSE SQ","1801"
"155","4,166","$4,551,000","1706 RITTENHOUSE SQ","1901"
"156","4,166","$4,551,000","1706 RITTENHOUSE SQ","2001"
"157","4,166","$4,890,000","1706 RITTENHOUSE SQ","2101"
"158","4,166","$4,890,000","1706 RITTENHOUSE SQ","2201"
"159","4,166","$4,890,000","1706 RITTENHOUSE SQ","2301"
"160","4,166","$4,890,000","1706 RITTENHOUSE SQ","2401"
"161","4,166","$5,584,000","1706 RITTENHOUSE SQ","2701"
"162","4,166","$5,584,000","1706 RITTENHOUSE SQ","2801"
"163","4,166","$5,584,000","1706 RITTENHOUSE SQ","2901"
"164","1,453","$1,347,000","1706 RITTENHOUSE SQ","301"
"165","7,725","$11,823,000","1706 RITTENHOUSE SQ","3100"
"166","2,088","$1,935,000","1706 RITTENHOUSE SQ","401"
"167","1,831","$1,697,000","1706 RITTENHOUSE SQ","402"
"168","2,088","$1,935,000","1706 RITTENHOUSE SQ","501"
"169","1,831","$1,697,000","1706 RITTENHOUSE SQ","502"
"170","4,166","$4,158,000","1706 RITTENHOUSE SQ","601"
"171","4,166","$4,158,000","1706 RITTENHOUSE SQ","701"
"172","4,166","$4,158,000","1706 RITTENHOUSE SQ","801"
"173","4,166","$4,158,000","1706 RITTENHOUSE SQ","901"
"174","401","$207,900","1806 RITTENHOUSE SQ","1702"
"175","825","$338,800","1810 RITTENHOUSE SQ","1002"
"176","825","$343,200","1810 RITTENHOUSE SQ","1004"
"177","722","$254,100","1810 RITTENHOUSE SQ","1005"
"178","892","$317,900","1810 RITTENHOUSE SQ","1008"
"179","722","$254,100","1810 RITTENHOUSE SQ","1011"
"180","825","$343,200","1810 RITTENHOUSE SQ","1012"
"181","825","$343,200","1810 RITTENHOUSE SQ","1104"
"182","515","$196,900","1810 RITTENHOUSE SQ","1106"
"183","439","$144,100","1810 RITTENHOUSE SQ","1107"
"184","825","$343,200","1810 RITTENHOUSE SQ","1201"
"185","892","$317,900","1810 RITTENHOUSE SQ","1209"
"186","722","$254,100","1810 RITTENHOUSE SQ","1211"
"187","825","$343,200","1810 RITTENHOUSE SQ","1404"
"188","722","$254,100","1810 RITTENHOUSE SQ","1405"
"189","515","$196,900","1810 RITTENHOUSE SQ","1406"
"190","892","$317,900","1810 RITTENHOUSE SQ","1409"
"191","722","$254,100","1810 RITTENHOUSE SQ","1411"
"192","825","$343,200","1810 RITTENHOUSE SQ","1412"
"193","401","$207,900","1810 RITTENHOUSE SQ","1502"
"194","1,100","$528,000","1810 RITTENHOUSE SQ","1503"
"195","461","$176,000","1810 RITTENHOUSE SQ","1505"
"196","401","$207,900","1810 RITTENHOUSE SQ","1602"
"197","1,100","$528,000","1810 RITTENHOUSE SQ","1603"
"198","461","$176,000","1810 RITTENHOUSE SQ","1605"
"199","685","$250,800","1810 RITTENHOUSE SQ","1606"
"200","398","$169,400","1810 RITTENHOUSE SQ","1607"
"201","685","$250,800","1810 RITTENHOUSE SQ","1608"
"202","1,297","$533,500","1810 RITTENHOUSE SQ","1610"
"203","401","$207,900","1810 RITTENHOUSE SQ","1701"
"204","1,778","$660,000","1810 RITTENHOUSE SQ","1703"
"205","685","$250,800","1810 RITTENHOUSE SQ","1708"
"206","401","$207,900","1810 RITTENHOUSE SQ","1801"
"207","1,100","$528,000","1810 RITTENHOUSE SQ","1803"
"208","685","$250,800","1810 RITTENHOUSE SQ","1806"
"209","398","$169,400","1810 RITTENHOUSE SQ","1807"
"210","1,297","$533,500","1810 RITTENHOUSE SQ","1810"
"211","461","$176,000","1810 RITTENHOUSE SQ","1905"
"212","1,297","$533,500","1810 RITTENHOUSE SQ","1910"
"213","461","$176,000","1810 RITTENHOUSE SQ","2005"
"214","685","$250,800","1810 RITTENHOUSE SQ","2006"
"215","536","$204,600","1810 RITTENHOUSE SQ","2009"
"216","825","$343,200","1810 RITTENHOUSE SQ","204"
"217","722","$254,100","1810 RITTENHOUSE SQ","205"
"218","515","$174,900","1810 RITTENHOUSE SQ","206"
"219","439","$144,100","1810 RITTENHOUSE SQ","207"
"220","892","$317,900","1810 RITTENHOUSE SQ","208"
"221","892","$317,900","1810 RITTENHOUSE SQ","209"
"222","622","$195,000","1810 RITTENHOUSE SQ","210"
"223","401","$211,200","1810 RITTENHOUSE SQ","2102"
"224","1,100","$541,200","1810 RITTENHOUSE SQ","2103"
"225","678","$245,300","1810 RITTENHOUSE SQ","2104"
"226","685","$258,500","1810 RITTENHOUSE SQ","2108"
"227","1,297","$550,000","1810 RITTENHOUSE SQ","2110"
"228","825","$338,800","1810 RITTENHOUSE SQ","301"
"229","825","$338,800","1810 RITTENHOUSE SQ","302"
"230","415","$189,200","1810 RITTENHOUSE SQ","303"
"231","825","$343,200","1810 RITTENHOUSE SQ","304"
"232","515","$174,900","1810 RITTENHOUSE SQ","306"
"233","622","$216,700","1810 RITTENHOUSE SQ","310"
"234","722","$254,100","1810 RITTENHOUSE SQ","311"
"235","825","$343,200","1810 RITTENHOUSE SQ","312"
"236","415","$189,200","1810 RITTENHOUSE SQ","313"
"237","825","$338,800","1810 RITTENHOUSE SQ","402"
"238","1,240","$532,400","1810 RITTENHOUSE SQ","403"
"239","722","$228,600","1810 RITTENHOUSE SQ","405"
"240","515","$174,900","1810 RITTENHOUSE SQ","406"
"241","892","$317,900","1810 RITTENHOUSE SQ","408"
"242","722","$254,100","1810 RITTENHOUSE SQ","411"
"243","825","$343,200","1810 RITTENHOUSE SQ","504"
"244","722","$254,100","1810 RITTENHOUSE SQ","505"
"245","515","$174,900","1810 RITTENHOUSE SQ","506"
"246","439","$144,100","1810 RITTENHOUSE SQ","507"
"247","892","$317,900","1810 RITTENHOUSE SQ","508"
"248","892","$302,500","1810 RITTENHOUSE SQ","509"
"249","622","$216,700","1810 RITTENHOUSE SQ","510"
"250","415","$189,200","1810 RITTENHOUSE SQ","513"
"251","415","$189,200","1810 RITTENHOUSE SQ","603"
"252","825","$343,200","1810 RITTENHOUSE SQ","604"
"253","439","$144,100","1810 RITTENHOUSE SQ","607"
"254","892","$317,900","1810 RITTENHOUSE SQ","608"
"255","825","$343,200","1810 RITTENHOUSE SQ","612"
"256","415","$189,200","1810 RITTENHOUSE SQ","703"
"257","722","$254,100","1810 RITTENHOUSE SQ","711"
"258","825","$343,200","1810 RITTENHOUSE SQ","712"
"259","415","$189,200","1810 RITTENHOUSE SQ","713"
"260","825","$338,800","1810 RITTENHOUSE SQ","801"
"261","825","$338,800","1810 RITTENHOUSE SQ","802"
"262","439","$144,100","1810 RITTENHOUSE SQ","807"
"263","892","$317,900","1810 RITTENHOUSE SQ","808"
"264","622","$216,700","1810 RITTENHOUSE SQ","810"
"265","722","$254,100","1810 RITTENHOUSE SQ","905"
"266","515","$185,900","1810 RITTENHOUSE SQ","906"
"267","439","$144,100","1810 RITTENHOUSE SQ","907"
"268","892","$316,800","1810 RITTENHOUSE SQ","909"
"269","622","$216,700","1810 RITTENHOUSE SQ","910"
"270","722","$254,100","1810 RITTENHOUSE SQ","911"
"271","1,151","$366,100","1813 SPRUCE ST","1F"
"272","901","$306,700","1813 SPRUCE ST","1R"
"273","505","$201,500","1813 SPRUCE ST","2F"
"274","597","$227,500","1813 SPRUCE ST","2R"
"275","1,010","$333,100","1813 SPRUCE ST","3F"
"276","566","$218,900","1813 SPRUCE ST","3R"
"277","1,297","$399,200","1813 SPRUCE ST","4R"
"278","3,217","$1,517,100","1820 RITTENHOUSE SQ","1001"
"279","3,217","$1,517,100","1820 RITTENHOUSE SQ","1002"
"280","4,290","$2,374,100","1820 RITTENHOUSE SQ","1101"
"281","2,145","$1,039,000","1820 RITTENHOUSE SQ","1102"
"282","3,217","$1,792,900","1820 RITTENHOUSE SQ","1201"
"283","3,217","$1,517,100","1820 RITTENHOUSE SQ","1202"
"284","3,217","$1,517,100","1820 RITTENHOUSE SQ","1401"
"285","3,217","$1,517,100","1820 RITTENHOUSE SQ","1402"
"286","3,217","$1,517,100","1820 RITTENHOUSE SQ","1501"
"287","3,217","$1,517,100","1820 RITTENHOUSE SQ","1502"
"288","3,217","$1,517,100","1820 RITTENHOUSE SQ","1601"
"289","3,217","$1,517,100","1820 RITTENHOUSE SQ","1602"
"290","3,217","$1,517,100","1820 RITTENHOUSE SQ","1701"
"291","3,217","$1,517,100","1820 RITTENHOUSE SQ","1702"
"292","2,081","$921,800","1820 RITTENHOUSE SQ","1802"
"293","3,217","$1,517,100","1820 RITTENHOUSE SQ","301"
"294","3,217","$1,517,100","1820 RITTENHOUSE SQ","302"
"295","3,217","$1,517,100","1820 RITTENHOUSE SQ","401"
"296","3,217","$1,517,100","1820 RITTENHOUSE SQ","402"
"297","3,217","$1,517,100","1820 RITTENHOUSE SQ","501"
"298","3,217","$1,517,100","1820 RITTENHOUSE SQ","502"
"299","3,217","$1,517,100","1820 RITTENHOUSE SQ","601"
"300","3,217","$1,517,100","1820 RITTENHOUSE SQ","602"
"301","3,217","$1,517,100","1820 RITTENHOUSE SQ","701"
"302","3,217","$1,517,100","1820 RITTENHOUSE SQ","702"
"303","3,217","$1,517,100","1820 RITTENHOUSE SQ","801"
"304","3,217","$1,517,100","1820 RITTENHOUSE SQ","802"
"305","3,217","$1,517,100","1820 RITTENHOUSE SQ","901"
"306","3,217","$1,517,100","1820 RITTENHOUSE SQ","902"
"307","5,641","$2,697,400","1820 RITTENHOUSE SQ","PH1"
"308","3,796","$1,978,100","1820 RITTENHOUSE SQ","PH2"
"309","777","$289,200","1821 SPRUCE ST","1"
"310","500","$210,200","1821 SPRUCE ST","2"
"311","1,213","$399,400","1821 SPRUCE ST","3"
"312","1,430","$461,100","1821 SPRUCE ST","4"
"313","694","$266,400","1821 SPRUCE ST","5"
"314","3,520","$1,801,300","1830 RITTENHOUSE SQ","10A"
"315","3,987","$2,247,400","1830 RITTENHOUSE SQ","10B"
"316","2,224","$1,067,200","1830 RITTENHOUSE SQ","11A"
"317","1,256","$614,200","1830 RITTENHOUSE SQ","11C"
"318","1,850","$875,200","1830 RITTENHOUSE SQ","12A"
"319","1,382","$680,900","1830 RITTENHOUSE SQ","12B"
"320","1,125","$545,600","1830 RITTENHOUSE SQ","12C"
"321","1,083","$523,700","1830 RITTENHOUSE SQ","12D"
"322","3,178","$1,613,500","1830 RITTENHOUSE SQ","14A"
"323","2,275","$1,093,500","1830 RITTENHOUSE SQ","14B"
"324","3,017","$1,525,800","1830 RITTENHOUSE SQ","15A"
"325","2,431","$1,174,400","1830 RITTENHOUSE SQ","15B"
"326","1,662","$779,900","1830 RITTENHOUSE SQ","16A"
"327","1,610","$753,700","1830 RITTENHOUSE SQ","16B"
"328","1,980","$941,700","1830 RITTENHOUSE SQ","16C"
"329","1,672","$784,900","1830 RITTENHOUSE SQ","17A"
"330","1,610","$753,700","1830 RITTENHOUSE SQ","17B"
"331","1,980","$941,700","1830 RITTENHOUSE SQ","17C"
"332","2,466","$1,192,700","1830 RITTENHOUSE SQ","19A"
"333","1,050","$506,500","1830 RITTENHOUSE SQ","19B"
"334","804","$98,100","1830 RITTENHOUSE SQ","1A"
"335","754","$93,600","1830 RITTENHOUSE SQ","1B"
"336","823","$362,100","1830 RITTENHOUSE SQ","1C"
"337","703","$88,900","1830 RITTENHOUSE SQ","1D"
"338","1,015","$446,600","1830 RITTENHOUSE SQ","1E"
"339","1,610","$753,700","1830 RITTENHOUSE SQ","2A"
"340","1,610","$753,700","1830 RITTENHOUSE SQ","2B"
"341","1,019","$490,300","1830 RITTENHOUSE SQ","2C"
"342","1,136","$551,300","1830 RITTENHOUSE SQ","2D"
"343","3,707","$2,078,000","1830 RITTENHOUSE SQ","3A"
"344","1,670","$783,900","1830 RITTENHOUSE SQ","3B"
"345","3,284","$1,671,600","1830 RITTENHOUSE SQ","4A"
"346","2,094","$1,000,100","1830 RITTENHOUSE SQ","4B"
"347","3,326","$1,694,600","1830 RITTENHOUSE SQ","5A"
"348","2,124","$1,015,600","1830 RITTENHOUSE SQ","5B"
"349","3,954","$2,227,300","1830 RITTENHOUSE SQ","6A"
"350","1,500","$698,300","1830 RITTENHOUSE SQ","6B"
"351","2,034","$969,300","1830 RITTENHOUSE SQ","7A"
"352","1,462","$679,300","1830 RITTENHOUSE SQ","7B"
"353","1,958","$930,300","1830 RITTENHOUSE SQ","7C"
"354","2,032","$968,300","1830 RITTENHOUSE SQ","8A"
"355","1,462","$679,300","1830 RITTENHOUSE SQ","8B"
"356","1,958","$930,300","1830 RITTENHOUSE SQ","8C"
"357","1,781","$840,100","1830 RITTENHOUSE SQ","9A"
"358","1,705","$801,600","1830 RITTENHOUSE SQ","9B"
"359","1,963","$933,000","1830 RITTENHOUSE SQ","9C"
"360","1,754","$826,400","1900 RITTENHOUSE SQ","10AA"
"361","2,197","$1,053,200","1900 RITTENHOUSE SQ","10B"
"362","777","$366,300","1900 RITTENHOUSE SQ","10C"
"363","2,811","$1,413,900","1900 RITTENHOUSE SQ","11A"
"364","2,197","$1,053,200","1900 RITTENHOUSE SQ","11B"
"365","2,811","$1,413,900","1900 RITTENHOUSE SQ","12A"
"366","2,197","$1,053,200","1900 RITTENHOUSE SQ","12B"
"367","2,513","$1,217,100","1900 RITTENHOUSE SQ","13A"
"368","2,495","$1,207,800","1900 RITTENHOUSE SQ","13B"
"369","2,016","$960,000","1900 RITTENHOUSE SQ","14A"
"370","2,206","$1,057,800","1900 RITTENHOUSE SQ","14B"
"371","2,811","$1,413,900","1900 RITTENHOUSE SQ","15A"
"372","2,197","$1,053,200","1900 RITTENHOUSE SQ","15B"
"373","2,025","$964,700","1900 RITTENHOUSE SQ","16A"
"374","1,175","$571,600","1900 RITTENHOUSE SQ","16B"
"375","1,058","$510,600","1900 RITTENHOUSE SQ","16C"
"376","3,200","$1,625,600","1900 RITTENHOUSE SQ","17BB"
"377","2,983","$1,507,300","1900 RITTENHOUSE SQ","18A"
"378","2,034","$969,300","1900 RITTENHOUSE SQ","18B"
"379","3,390","$1,788,900","1900 RITTENHOUSE SQ","19A"
"380","2,540","$1,231,200","1900 RITTENHOUSE SQ","2A"
"381","1,356","$667,000","1900 RITTENHOUSE SQ","2B"
"382","1,076","$519,900","1900 RITTENHOUSE SQ","2C"
"383","2,540","$1,017,500","1900 RITTENHOUSE SQ","3A"
"384","1,085","$524,700","1900 RITTENHOUSE SQ","3B"
"385","1,175","$571,600","1900 RITTENHOUSE SQ","3C"
"386","2,549","$1,235,900","1900 RITTENHOUSE SQ","4A"
"387","1,085","$524,700","1900 RITTENHOUSE SQ","4B"
"388","1,157","$562,300","1900 RITTENHOUSE SQ","4C"
"389","3,616","$2,023,100","1900 RITTENHOUSE SQ","5AA"
"390","2,495","$1,207,800","1900 RITTENHOUSE SQ","5B"
"391","2,025","$964,700","1900 RITTENHOUSE SQ","6A"
"392","1,709","$803,600","1900 RITTENHOUSE SQ","6BB"
"393","2,251","$1,081,000","1900 RITTENHOUSE SQ","7A"
"394","1,383","$681,300","1900 RITTENHOUSE SQ","7B"
"395","1,157","$562,300","1900 RITTENHOUSE SQ","7C"
"396","3,019","$1,526,900","1900 RITTENHOUSE SQ","8A"
"397","1,980","$941,700","1900 RITTENHOUSE SQ","8B"
"398","2,513","$1,217,100","1900 RITTENHOUSE SQ","9A"
"399","2,495","$1,207,800","1900 RITTENHOUSE SQ","9B"
"400","751","$233,700","1903 SPRUCE ST","1A"
"401","1,565","$407,800","1903 SPRUCE ST","1B"
"402","1,015","$290,700","1903 SPRUCE ST","2C"
"403","809","$246,700","1903 SPRUCE ST","2D"
"404","1,737","$439,800","1903 SPRUCE ST","3E"
"405","1,716","$436,000","1903 SPRUCE ST","3F"
"406","786","$292,200","1931 SPRUCE ST","1A"
"407","751","$282,700","1931 SPRUCE ST","1B"
"408","746","$281,300","1931 SPRUCE ST","1C"
"409","844","$307,700","1931 SPRUCE ST","2A"
"410","880","$317,200","1931 SPRUCE ST","2B"
"411","768","$287,300","1931 SPRUCE ST","3A"
"412","882","$317,600","1931 SPRUCE ST","3B"
"413","973","$341,200","1931 SPRUCE ST","4A"
"414","796","$351,500","1935 MANNING ST","A"
"415","1,314","$389,800","1935 MANNING ST","B"
"416","1,797","$473,300","1953 LOCUST ST","1"
"417","440","$166,600","1953 LOCUST ST","2"
"418","478","$176,900","1953 LOCUST ST","3"
"419","1,123","$328,400","1953 LOCUST ST","4"
"420","2,954","$2,335,200","210 W RITTENHOUSE SQ STE","1901"
"421","2,157","$1,501,500","210 W RITTENHOUSE SQ","1006"
"422","1,862","$919,600","210 W RITTENHOUSE SQ","1101"
"423","1,403","$771,600","210 W RITTENHOUSE SQ","1107"
"424","1,560","$730,400","210 W RITTENHOUSE SQ","1109"
"425","1,862","$885,500","210 W RITTENHOUSE SQ","1201"
"426","1,037","$478,500","210 W RITTENHOUSE SQ","1204"
"427","1,318","$624,800","210 W RITTENHOUSE SQ","1205"
"428","1,862","$932,800","210 W RITTENHOUSE SQ","1401"
"429","1,037","$478,500","210 W RITTENHOUSE SQ","1404"
"430","1,318","$629,200","210 W RITTENHOUSE SQ","1405"
"431","2,157","$1,750,100","210 W RITTENHOUSE SQ","1406"
"432","2,319","$1,249,600","210 W RITTENHOUSE SQ","1407"
"433","1,560","$728,200","210 W RITTENHOUSE SQ","1409"
"434","1,318","$632,500","210 W RITTENHOUSE SQ","1505"
"435","1,671","$954,800","210 W RITTENHOUSE SQ","1508"
"436","1,862","$941,600","210 W RITTENHOUSE SQ","1601"
"437","976","$493,900","210 W RITTENHOUSE SQ","1602"
"438","583","$303,600","210 W RITTENHOUSE SQ","1603"
"439","2,474","$1,475,100","210 W RITTENHOUSE SQ","1606"
"440","1,671","$882,200","210 W RITTENHOUSE SQ","1608"
"441","1,560","$739,200","210 W RITTENHOUSE SQ","1609"
"442","1,862","$936,100","210 W RITTENHOUSE SQ","1701"
"443","1,318","$609,400","210 W RITTENHOUSE SQ","1705"
"444","2,157","$1,353,000","210 W RITTENHOUSE SQ","1706"
"445","1,854","$921,800","210 W RITTENHOUSE SQ","1707"
"446","1,671","$962,500","210 W RITTENHOUSE SQ","1708"
"447","1,560","$745,800","210 W RITTENHOUSE SQ","1709"
"448","1,862","$936,100","210 W RITTENHOUSE SQ","1801"
"449","1,037","$470,800","210 W RITTENHOUSE SQ","1804"
"450","1,318","$639,100","210 W RITTENHOUSE SQ","1805"
"451","1,490","$783,700","210 W RITTENHOUSE SQ","1809"
"452","1,799","$1,063,700","210 W RITTENHOUSE SQ","2007"
"453","1,639","$928,400","210 W RITTENHOUSE SQ","2101"
"454","1,259","$573,100","210 W RITTENHOUSE SQ","2104"
"455","1,639","$928,400","210 W RITTENHOUSE SQ","2201"
"456","2,644","$1,685,200","210 W RITTENHOUSE SQ","2205"
"457","1,799","$1,080,200","210 W RITTENHOUSE SQ","2207"
"458","1,765","$922,900","210 W RITTENHOUSE SQ","2208"
"459","1,639","$938,300","210 W RITTENHOUSE SQ","2301"
"460","1,418","$796,400","210 W RITTENHOUSE SQ","2302"
"461","764","$457,600","210 W RITTENHOUSE SQ","2303"
"462","2,644","$1,824,900","210 W RITTENHOUSE SQ","2305"
"463","1,799","$1,089,000","210 W RITTENHOUSE SQ","2307"
"464","1,765","$929,500","210 W RITTENHOUSE SQ","2308"
"465","1,639","$947,100","210 W RITTENHOUSE SQ","2401"
"466","1,259","$590,700","210 W RITTENHOUSE SQ","2404"
"467","2,644","$1,343,600","210 W RITTENHOUSE SQ","2405"
"468","2,160","$1,390,400","210 W RITTENHOUSE SQ","2406"
"469","1,799","$1,096,700","210 W RITTENHOUSE SQ","2407"
"470","1,765","$938,300","210 W RITTENHOUSE SQ","2408"
"471","764","$485,100","210 W RITTENHOUSE SQ","2503"
"472","1,259","$596,200","210 W RITTENHOUSE SQ","2504"
"473","2,644","$1,855,700","210 W RITTENHOUSE SQ","2505"
"474","2,160","$1,401,400","210 W RITTENHOUSE SQ","2506"
"475","1,799","$1,105,500","210 W RITTENHOUSE SQ","2507"
"476","1,765","$944,900","210 W RITTENHOUSE SQ","2508"
"477","1,639","$966,900","210 W RITTENHOUSE SQ","2601"
"478","1,418","$787,600","210 W RITTENHOUSE SQ","2602"
"479","2,160","$1,412,400","210 W RITTENHOUSE SQ","2606"
"480","1,799","$1,114,300","210 W RITTENHOUSE SQ","2607"
"481","1,765","$952,600","210 W RITTENHOUSE SQ","2608"
"482","1,639","$1,100,000","210 W RITTENHOUSE SQ","2701"
"483","764","$493,900","210 W RITTENHOUSE SQ","2703"
"484","2,644","$2,266,000","210 W RITTENHOUSE SQ","2705"
"485","2,160","$1,816,100","210 W RITTENHOUSE SQ","2706"
"486","1,765","$960,300","210 W RITTENHOUSE SQ","2708"
"487","1,639","$1,179,200","210 W RITTENHOUSE SQ","2801"
"488","2,644","$1,454,200","210 W RITTENHOUSE SQ","2805"
"489","2,160","$1,444,300","210 W RITTENHOUSE SQ","2806"
"490","2,500","$1,832,600","210 W RITTENHOUSE SQ","2906"
"491","5,600","$2,337,500","210 W RITTENHOUSE SQ","3003"
"492","2,122","$1,530,100","210 W RITTENHOUSE SQ","3202"
"493","2,589","$1,592,800","210 W RITTENHOUSE SQ","3203"
"494","1,622","$1,039,500","210 W RITTENHOUSE SQ","3303"
"495","1,850","$1,585,100","210 W RITTENHOUSE SQ","3305"
"496","2,500","$2,346,300","210 W RITTENHOUSE SQ","3306"
"497","3,715","$2,035,000","219 S 18TH ST","PHG"
"498","947","$348,700","220 W RITTENHOUSE SQ","10A"
"499","925","$353,100","220 W RITTENHOUSE SQ","10B"
"500","1,408","$592,900","220 W RITTENHOUSE SQ","10C"
"501","975","$337,700","220 W RITTENHOUSE SQ","10D"
"502","1,351","$482,900","220 W RITTENHOUSE SQ","10E"
"503","918","$348,700","220 W RITTENHOUSE SQ","10F"
"504","947","$348,700","220 W RITTENHOUSE SQ","11A"
"505","925","$353,100","220 W RITTENHOUSE SQ","11B"
"506","1,408","$592,900","220 W RITTENHOUSE SQ","11C"
"507","975","$337,700","220 W RITTENHOUSE SQ","11D"
"508","1,351","$482,900","220 W RITTENHOUSE SQ","11E"
"509","918","$348,700","220 W RITTENHOUSE SQ","11F"
"510","1,592","$751,300","220 W RITTENHOUSE SQ","12A"
"511","1,669","$804,100","220 W RITTENHOUSE SQ","12B"
"512","1,635","$746,300","220 W RITTENHOUSE SQ","12C"
"513","1,591","$688,600","220 W RITTENHOUSE SQ","12D"
"514","1,909","$1,023,000","220 W RITTENHOUSE SQ","14A"
"515","1,669","$741,600","220 W RITTENHOUSE SQ","14B"
"516","1,635","$792,000","220 W RITTENHOUSE SQ","14C"
"517","1,274","$524,700","220 W RITTENHOUSE SQ","14D"
"518","1,592","$751,300","220 W RITTENHOUSE SQ","15A"
"519","1,669","$804,100","220 W RITTENHOUSE SQ","15B"
"520","1,635","$792,000","220 W RITTENHOUSE SQ","15C"
"521","1,615","$719,400","220 W RITTENHOUSE SQ","15D"
"522","2,846","$1,523,500","220 W RITTENHOUSE SQ","16A"
"523","415","$105,600","220 W RITTENHOUSE SQ","16B"
"524","1,635","$633,000","220 W RITTENHOUSE SQ","16C"
"525","1,591","$688,600","220 W RITTENHOUSE SQ","16D"
"526","1,663","$776,600","220 W RITTENHOUSE SQ","17A"
"527","2,559","$1,369,500","220 W RITTENHOUSE SQ","17B"
"528","2,254","$1,202,300","220 W RITTENHOUSE SQ","17C"
"529","1,708","$915,200","220 W RITTENHOUSE SQ","18A"
"530","2,464","$1,320,000","220 W RITTENHOUSE SQ","18B"
"531","2,064","$1,105,500","220 W RITTENHOUSE SQ","18C"
"532","1,692","$906,400","220 W RITTENHOUSE SQ","19A"
"533","2,464","$1,320,000","220 W RITTENHOUSE SQ","19B"
"534","2,080","$1,111,000","220 W RITTENHOUSE SQ","19C"
"535","1,692","$906,400","220 W RITTENHOUSE SQ","20A"
"536","2,464","$1,320,000","220 W RITTENHOUSE SQ","20B"
"537","2,080","$1,111,000","220 W RITTENHOUSE SQ","20C"
"538","1,692","$759,000","220 W RITTENHOUSE SQ","21A"
"539","2,464","$1,320,000","220 W RITTENHOUSE SQ","21B"
"540","2,080","$1,111,000","220 W RITTENHOUSE SQ","21C"
"541","1,692","$906,400","220 W RITTENHOUSE SQ","22A"
"542","2,464","$1,320,000","220 W RITTENHOUSE SQ","22B"
"543","2,080","$1,111,000","220 W RITTENHOUSE SQ","22C"
"544","1,776","$984,500","220 W RITTENHOUSE SQ","23A"
"545","2,464","$1,367,300","220 W RITTENHOUSE SQ","23B"
"546","1,995","$1,069,200","220 W RITTENHOUSE SQ","23C"
"547","3,384","$2,250,600","220 W RITTENHOUSE SQ","24"
"548","3,384","$2,284,700","220 W RITTENHOUSE SQ","25"
"549","947","$348,700","220 W RITTENHOUSE SQ","2A"
"550","925","$353,100","220 W RITTENHOUSE SQ","2B"
"551","1,408","$592,900","220 W RITTENHOUSE SQ","2C"
"552","975","$293,700","220 W RITTENHOUSE SQ","2D"
"553","1,351","$482,900","220 W RITTENHOUSE SQ","2E"
"554","918","$279,400","220 W RITTENHOUSE SQ","2F"
"555","947","$348,700","220 W RITTENHOUSE SQ","3A"
"556","925","$353,100","220 W RITTENHOUSE SQ","3B"
"557","1,408","$592,900","220 W RITTENHOUSE SQ","3C"
"558","975","$322,300","220 W RITTENHOUSE SQ","3D"
"559","1,351","$482,900","220 W RITTENHOUSE SQ","3E"
"560","918","$328,900","220 W RITTENHOUSE SQ","3F"
"561","947","$348,700","220 W RITTENHOUSE SQ","4A"
"562","925","$353,100","220 W RITTENHOUSE SQ","4B"
"563","1,408","$592,900","220 W RITTENHOUSE SQ","4C"
"564","975","$337,700","220 W RITTENHOUSE SQ","4D"
"565","1,351","$482,900","220 W RITTENHOUSE SQ","4E"
"566","918","$328,900","220 W RITTENHOUSE SQ","4F"
"567","947","$348,700","220 W RITTENHOUSE SQ","5A"
"568","925","$353,100","220 W RITTENHOUSE SQ","5B"
"569","1,408","$592,900","220 W RITTENHOUSE SQ","5C"
"570","975","$337,700","220 W RITTENHOUSE SQ","5D"
"571","1,351","$482,900","220 W RITTENHOUSE SQ","5E"
"572","918","$328,900","220 W RITTENHOUSE SQ","5F"
"573","947","$348,700","220 W RITTENHOUSE SQ","6A"
"574","925","$353,100","220 W RITTENHOUSE SQ","6B"
"575","1,408","$592,900","220 W RITTENHOUSE SQ","6C"
"576","975","$337,700","220 W RITTENHOUSE SQ","6D"
"577","1,351","$482,900","220 W RITTENHOUSE SQ","6E"
"578","918","$328,900","220 W RITTENHOUSE SQ","6F"
"579","947","$348,700","220 W RITTENHOUSE SQ","7A"
"580","925","$353,100","220 W RITTENHOUSE SQ","7B"
"581","975","$337,700","220 W RITTENHOUSE SQ","7D"
"582","1,351","$482,900","220 W RITTENHOUSE SQ","7E"
"583","918","$343,200","220 W RITTENHOUSE SQ","7F"
"584","947","$348,700","220 W RITTENHOUSE SQ","8A"
"585","925","$353,100","220 W RITTENHOUSE SQ","8B"
"586","1,408","$592,900","220 W RITTENHOUSE SQ","8C"
"587","975","$337,700","220 W RITTENHOUSE SQ","8D"
"588","1,351","$482,900","220 W RITTENHOUSE SQ","8E"
"589","918","$343,200","220 W RITTENHOUSE SQ","8F"
"590","947","$348,700","220 W RITTENHOUSE SQ","9A"
"591","925","$353,100","220 W RITTENHOUSE SQ","9B"
"592","1,408","$592,900","220 W RITTENHOUSE SQ","9C"
"593","975","$337,700","220 W RITTENHOUSE SQ","9D"
"594","1,351","$482,900","220 W RITTENHOUSE SQ","9E"
"595","918","$343,200","220 W RITTENHOUSE SQ","9F"
"596","495","$271,700","225 S 18TH ST","1002"
"597","508","$281,600","225 S 18TH ST","1004"
"598","653","$361,900","225 S 18TH ST","1005"
"599","687","$367,400","225 S 18TH ST","1006"
"600","2,107","$1,485,700","225 S 18TH ST","1008"
"601","711","$387,200","225 S 18TH ST","1009"
"602","643","$364,100","225 S 18TH ST","1010"
"603","493","$281,600","225 S 18TH ST","1014"
"604","1,336","$676,500","225 S 18TH ST","1016"
"605","1,338","$676,500","225 S 18TH ST","1017"
"606","679","$376,200","225 S 18TH ST","1018"
"607","505","$281,600","225 S 18TH ST","1102"
"608","504","$281,600","225 S 18TH ST","1103"
"609","532","$286,000","225 S 18TH ST","1105"
"610","3,062","$2,323,600","225 S 18TH ST","1106"
"611","1,078","$625,900","225 S 18TH ST","1110"
"612","521","$305,800","225 S 18TH ST","1114"
"613","711","$388,300","225 S 18TH ST","1118"
"614","637","$352,000","225 S 18TH ST","1120"
"615","1,707","$958,100","225 S 18TH ST","1122"
"616","514","$267,300","225 S 18TH ST","1202"
"617","503","$267,300","225 S 18TH ST","1204"
"618","532","$267,300","225 S 18TH ST","1205"
"619","1,347","$967,200","225 S 18TH ST","1206"
"620","1,709","$1,201,200","225 S 18TH ST","1208"
"621","1,064","$625,900","225 S 18TH ST","1210"
"622","1,013","$625,900","225 S 18TH ST","1212"
"623","821","$456,500","225 S 18TH ST","1215"
"624","520","$287,100","225 S 18TH ST","1216"
"625","649","$358,600","225 S 18TH ST","1219"
"626","652","$364,100","225 S 18TH ST","1220"
"627","714","$392,700","225 S 18TH ST","1221"
"628","505","$281,600","225 S 18TH ST","1222"
"629","537","$267,300","225 S 18TH ST","1405"
"630","1,348","$994,500","225 S 18TH ST","1406"
"631","1,707","$1,204,000","225 S 18TH ST","1408"
"632","1,079","$650,100","225 S 18TH ST","1410"
"633","1,019","$638,000","225 S 18TH ST","1412"
"634","515","$281,600","225 S 18TH ST","1416"
"635","708","$388,300","225 S 18TH ST","1418"
"636","658","$364,100","225 S 18TH ST","1419"
"637","714","$388,300","225 S 18TH ST","1421"
"638","499","$267,300","225 S 18TH ST","1423"
"639","693","$382,800","225 S 18TH ST","1424"
"640","514","$267,300","225 S 18TH ST","1502"
"641","528","$277,200","225 S 18TH ST","1505"
"642","1,707","$1,197,200","225 S 18TH ST","1508"
"643","1,083","$650,100","225 S 18TH ST","1510"
"644","539","$330,000","225 S 18TH ST","1514"
"645","717","$398,200","225 S 18TH ST","1518"
"646","655","$358,600","225 S 18TH ST","1519"
"647","638","$354,200","225 S 18TH ST","1520"
"648","508","$281,600","225 S 18TH ST","1523"
"649","686","$377,300","225 S 18TH ST","1524"
"650","495","$267,300","225 S 18TH ST","1601"
"651","1,723","$1,207,900","225 S 18TH ST","1608"
"652","1,080","$650,100","225 S 18TH ST","1610"
"653","806","$460,900","225 S 18TH ST","1615"
"654","717","$398,200","225 S 18TH ST","1618"
"655","658","$364,100","225 S 18TH ST","1619"
"656","706","$388,300","225 S 18TH ST","1621"
"657","504","$281,600","225 S 18TH ST","1623"
"658","693","$364,100","225 S 18TH ST","1624"
"659","578","$265,100","225 S 18TH ST","401"
"660","638","$312,400","225 S 18TH ST","405"
"661","3,288","$2,489,700","225 S 18TH ST","406"
"662","2,734","$2,070,000","225 S 18TH ST","408"
"663","543","$291,500","225 S 18TH ST","409"
"664","782","$389,400","225 S 18TH ST","410"
"665","413","$218,900","225 S 18TH ST","411C"
"666","927","$435,600","225 S 18TH ST","412"
"667","1,237","$641,300","225 S 18TH ST","416"
"668","1,473","$773,300","225 S 18TH ST","418"
"669","751","$398,200","225 S 18TH ST","421"
"670","763","$364,100","225 S 18TH ST","423"
"671","638","$289,300","225 S 18TH ST","505"
"672","1,973","$1,317,500","225 S 18TH ST","506"
"673","1,860","$1,246,500","225 S 18TH ST","507"
"674","2,268","$1,567,200","225 S 18TH ST","508"
"675","579","$313,500","225 S 18TH ST","509"
"676","510","$265,100","225 S 18TH ST","512"
"677","919","$481,800","225 S 18TH ST","514"
"678","401","$218,900","225 S 18TH ST","516"
"679","643","$337,700","225 S 18TH ST","517"
"680","1,141","$625,900","225 S 18TH ST","518"
"681","1,481","$770,000","225 S 18TH ST","520"
"682","912","$509,300","225 S 18TH ST","522"
"683","752","$410,300","225 S 18TH ST","523"
"684","492","$260,700","225 S 18TH ST","524"
"685","2,080","$840,400","225 S 18TH ST","525"
"686","1,422","$744,700","225 S 18TH ST","526"
"687","591","$299,200","225 S 18TH ST","601"
"688","460","$243,100","225 S 18TH ST","605A"
"689","1,119","$391,600","226 W RITTENHOUSE SQ","1001"
"690","573","$183,700","226 W RITTENHOUSE SQ","1004"
"691","1,483","$704,000","226 W RITTENHOUSE SQ","1005"
"692","623","$300,300","226 W RITTENHOUSE SQ","1009"
"693","879","$423,500","226 W RITTENHOUSE SQ","1011"
"694","934","$419,100","226 W RITTENHOUSE SQ","1012"
"695","528","$194,700","226 W RITTENHOUSE SQ","1015A"
"696","848","$364,100","226 W RITTENHOUSE SQ","1016"
"697","609","$231,000","226 W RITTENHOUSE SQ","1018"
"698","573","$174,900","226 W RITTENHOUSE SQ","1102"
"699","1,231","$676,500","226 W RITTENHOUSE SQ","1106"
"700","611","$299,200","226 W RITTENHOUSE SQ","1108"
"701","879","$425,700","226 W RITTENHOUSE SQ","1111"
"702","740","$304,700","226 W RITTENHOUSE SQ","1114"
"703","1,119","$392,700","226 W RITTENHOUSE SQ","1201"
"704","573","$176,000","226 W RITTENHOUSE SQ","1202"
"705","583","$189,200","226 W RITTENHOUSE SQ","1203"
"706","1,231","$677,600","226 W RITTENHOUSE SQ","1206"
"707","595","$268,400","226 W RITTENHOUSE SQ","1207"
"708","611","$301,400","226 W RITTENHOUSE SQ","1208"
"709","1,281","$550,000","226 W RITTENHOUSE SQ","1210"
"710","934","$423,500","226 W RITTENHOUSE SQ","1212"
"711","723","$298,100","226 W RITTENHOUSE SQ","1213"
"712","528","$196,900","226 W RITTENHOUSE SQ","1215A"
"713","359","$128,700","226 W RITTENHOUSE SQ","1215B"
"714","848","$344,300","226 W RITTENHOUSE SQ","1216"
"715","609","$233,200","226 W RITTENHOUSE SQ","1218"
"716","1,119","$393,800","226 W RITTENHOUSE SQ","1401"
"717","583","$189,200","226 W RITTENHOUSE SQ","1403"
"718","573","$185,900","226 W RITTENHOUSE SQ","1404"
"719","1,483","$712,800","226 W RITTENHOUSE SQ","1405"
"720","595","$269,500","226 W RITTENHOUSE SQ","1407"
"721","611","$302,500","226 W RITTENHOUSE SQ","1408"
"722","723","$310,200","226 W RITTENHOUSE SQ","1413"
"723","740","$317,900","226 W RITTENHOUSE SQ","1414"
"724","848","$368,500","226 W RITTENHOUSE SQ","1416"
"725","609","$233,200","226 W RITTENHOUSE SQ","1418"
"726","573","$177,100","226 W RITTENHOUSE SQ","1502"
"727","1,231","$680,900","226 W RITTENHOUSE SQ","1506"
"728","879","$430,100","226 W RITTENHOUSE SQ","1511"
"729","934","$438,900","226 W RITTENHOUSE SQ","1512"
"730","723","$311,300","226 W RITTENHOUSE SQ","1513"
"731","848","$371,800","226 W RITTENHOUSE SQ","1516"
"732","570","$223,300","226 W RITTENHOUSE SQ","1517"
"733","1,119","$397,100","226 W RITTENHOUSE SQ","1601"
"734","1,281","$558,800","226 W RITTENHOUSE SQ","1610"
"735","723","$312,400","226 W RITTENHOUSE SQ","1613"
"736","740","$320,100","226 W RITTENHOUSE SQ","1614"
"737","583","$191,400","226 W RITTENHOUSE SQ","1703"
"738","1,483","$720,500","226 W RITTENHOUSE SQ","1705"
"739","1,231","$687,500","226 W RITTENHOUSE SQ","1706"
"740","595","$275,000","226 W RITTENHOUSE SQ","1707"
"741","879","$433,400","226 W RITTENHOUSE SQ","1711"
"742","934","$440,000","226 W RITTENHOUSE SQ","1712"
"743","723","$314,600","226 W RITTENHOUSE SQ","1713"
"744","740","$321,200","226 W RITTENHOUSE SQ","1714"
"745","848","$372,900","226 W RITTENHOUSE SQ","1716"
"746","573","$179,300","226 W RITTENHOUSE SQ","1802"
"747","573","$187,000","226 W RITTENHOUSE SQ","1804"
"748","1,483","$722,700","226 W RITTENHOUSE SQ","1805"
"749","595","$277,200","226 W RITTENHOUSE SQ","1807"
"750","1,281","$565,400","226 W RITTENHOUSE SQ","1810"
"751","879","$434,500","226 W RITTENHOUSE SQ","1811"
"752","934","$442,200","226 W RITTENHOUSE SQ","1812"
"753","609","$235,400","226 W RITTENHOUSE SQ","1818"
"754","573","$179,300","226 W RITTENHOUSE SQ","1902"
"755","573","$187,000","226 W RITTENHOUSE SQ","1904"
"756","1,483","$727,100","226 W RITTENHOUSE SQ","1905"
"757","611","$312,400","226 W RITTENHOUSE SQ","1908"
"758","623","$314,600","226 W RITTENHOUSE SQ","1909"
"759","879","$436,700","226 W RITTENHOUSE SQ","1911"
"760","934","$444,400","226 W RITTENHOUSE SQ","1912"
"761","570","$225,500","226 W RITTENHOUSE SQ","1917"
"762","1,119","$402,600","226 W RITTENHOUSE SQ","2001"
"763","1,483","$729,300","226 W RITTENHOUSE SQ","2005"
"764","583","$183,700","226 W RITTENHOUSE SQ","203"
"765","573","$180,400","226 W RITTENHOUSE SQ","204"
"766","595","$260,700","226 W RITTENHOUSE SQ","207"
"767","611","$291,500","226 W RITTENHOUSE SQ","208"
"768","1,281","$544,500","226 W RITTENHOUSE SQ","210"
"769","573","$180,400","226 W RITTENHOUSE SQ","2102"
"770","1,483","$731,500","226 W RITTENHOUSE SQ","2105"
"771","1,231","$698,500","226 W RITTENHOUSE SQ","2106"
"772","623","$317,900","226 W RITTENHOUSE SQ","2109"
"773","879","$399,300","226 W RITTENHOUSE SQ","211"
"774","934","$446,600","226 W RITTENHOUSE SQ","2112"
"775","723","$319,000","226 W RITTENHOUSE SQ","2113"
"776","934","$408,100","226 W RITTENHOUSE SQ","212"
"777","916","$350,900","226 W RITTENHOUSE SQ","215"
"778","570","$216,700","226 W RITTENHOUSE SQ","217"
"779","609","$227,700","226 W RITTENHOUSE SQ","218"
"780","1,119","$404,800","226 W RITTENHOUSE SQ","2201"
"781","573","$180,400","226 W RITTENHOUSE SQ","2202"
"782","1,231","$701,800","226 W RITTENHOUSE SQ","2206"
"783","595","$282,700","226 W RITTENHOUSE SQ","2207"
"784","611","$316,800","226 W RITTENHOUSE SQ","2208"
"785","623","$320,100","226 W RITTENHOUSE SQ","2209"
"786","879","$441,100","226 W RITTENHOUSE SQ","2211"
"787","934","$448,800","226 W RITTENHOUSE SQ","2212"
"788","2,338","$1,253,200","237 S 18TH ST","10A"
"789","1,776","$949,400","237 S 18TH ST","11B"
"790","1,068","$469,900","237 S 18TH ST","11D"
"791","1,196","$648,300","237 S 18TH ST","13D"
"792","728","$379,900","237 S 18TH ST","13E"
"793","2,789","$1,560,200","237 S 18TH ST","14A"
"794","1,276","$695,200","237 S 18TH ST","14B"
"795","1,100","$492,200","237 S 18TH ST","14C"
"796","775","$337,700","237 S 18TH ST","14E"
"797","2,428","$1,305,200","237 S 18TH ST","15A"
"798","3,889","$2,190,300","237 S 18TH ST","15B"
"799","1,250","$564,900","237 S 18TH ST","15D"
"800","2,338","$1,253,200","237 S 18TH ST","16A"
"801","4,200","$1,956,000","237 S 18TH ST","16B"
"802","1,400","$721,400","237 S 18TH ST","17C"
"803","3,500","$1,992,300","237 S 18TH ST","17D"
"804","1,638","$854,400","237 S 18TH ST","18B"
"805","2,145","$1,142,200","237 S 18TH ST","18B1"
"806","1,057","$567,700","237 S 18TH ST","18C"
"807","3,690","$1,911,400","237 S 18TH ST","19B"
"808","1,100","$492,200","237 S 18TH ST","19C"
"809","775","$337,700","237 S 18TH ST","19E"
"810","2,478","$1,334,100","237 S 18TH ST","20A"
"811","3,617","$2,252,000","237 S 18TH ST","20B"
"812","1,100","$492,200","237 S 18TH ST","20C"
"813","2,776","$1,480,900","237 S 18TH ST","21A"
"814","4,000","$2,084,800","237 S 18TH ST","21B"
"815","1,068","$573,900","237 S 18TH ST","21D"
"816","3,537","$1,400,600","237 S 18TH ST","22A"
"817","2,219","$1,184,700","237 S 18TH ST","22C"
"818","2,850","$1,326,700","237 S 18TH ST","2A"
"819","5,325","$2,525,600","237 S 18TH ST","2B"
"820","825","$361,100","237 S 18TH ST","2D"
"821","1,379","$755,800","237 S 18TH ST","3A"
"822","3,700","$2,307,800","237 S 18TH ST","3B"
"823","1,100","$492,200","237 S 18TH ST","3C"
"824","810","$353,900","237 S 18TH ST","3E"
"825","3,950","$1,911,800","237 S 18TH ST","4B"
"826","1,250","$564,900","237 S 18TH ST","4D"
"827","775","$337,700","237 S 18TH ST","4E"
"828","2,296","$1,229,000","237 S 18TH ST","5A"
"829","3,850","$2,000,900","237 S 18TH ST","5B"
"830","1,250","$564,900","237 S 18TH ST","5D"
"831","1,075","$480,200","237 S 18TH ST","5F"
"832","3,844","$2,404,600","237 S 18TH ST","6B"
"833","1,057","$567,700","237 S 18TH ST","6C"
"834","1,068","$573,900","237 S 18TH ST","6D"
"835","728","$379,900","237 S 18TH ST","6E"
"836","1,008","$539,300","237 S 18TH ST","6F"
"837","1,582","$823,000","237 S 18TH ST","7B"
"838","1,196","$648,300","237 S 18TH ST","7D"
"839","728","$379,900","237 S 18TH ST","7E"
"840","2,134","$1,135,800","237 S 18TH ST","8A"
"841","4,350","$2,031,300","237 S 18TH ST","8B"
"842","1,057","$567,700","237 S 18TH ST","8C"
"843","1,196","$648,300","237 S 18TH ST","8D"
"844","728","$379,900","237 S 18TH ST","8E"
"845","2,130","$1,133,500","237 S 18TH ST","9A"
"846","1,263","$687,600","237 S 18TH ST","9B"
"847","1,057","$567,700","237 S 18TH ST","9C"
"848","765","$400,800","237 S 18TH ST","9D"
"849","1,140","$249,100","250 S 17TH ST","100"
"850","2,900","$1,196,000","250 S 17TH ST","1000"
"851","925","$213,900","250 S 17TH ST","101"
"852","2,073","$831,300","250 S 17TH ST","1100"
"853","827","$329,100","250 S 17TH ST","1101"
"854","1,425","$555,200","250 S 17TH ST","1200"
"855","1,475","$576,300","250 S 17TH ST","1201"
"856","2,130","$855,900","250 S 17TH ST","1400"
"857","770","$304,700","250 S 17TH ST","1401"
"858","1,435","$559,400","250 S 17TH ST","1500"
"859","1,465","$572,100","250 S 17TH ST","1501"
"860","1,760","$696,900","250 S 17TH ST","1600"
"861","1,140","$464,900","250 S 17TH ST","1601"
"862","2,900","$1,228,600","250 S 17TH ST","1700"
"863","1,350","$490,000","250 S 17TH ST","201"
"864","1,450","$550,700","250 S 17TH ST","300"
"865","1,450","$550,700","250 S 17TH ST","301"
"866","1,450","$550,700","250 S 17TH ST","400"
"867","1,450","$550,700","250 S 17TH ST","401"
"868","1,455","$552,800","250 S 17TH ST","500"
"869","1,445","$548,600","250 S 17TH ST","501"
"870","1,450","$550,700","250 S 17TH ST","600"
"871","1,450","$550,700","250 S 17TH ST","601"
"872","1,770","$682,600","250 S 17TH ST","700"
"873","1,130","$448,300","250 S 17TH ST","701"
"874","2,057","$802,500","250 S 17TH ST","800"
"875","843","$327,000","250 S 17TH ST","801"
"876","1,757","$677,200","250 S 17TH ST","900"
"877","1,143","$453,900","250 S 17TH ST","901"
"878","3,716","$1,858,100","250 S 18TH ST","1001"
"879","1,857","$242,800","250 S 18TH ST","101"
"880","1,239","$180,800","250 S 18TH ST","102"
"881","3,716","$1,908,700","250 S 18TH ST","1101"
"882","3,716","$1,908,700","250 S 18TH ST","1201"
"883","2,027","$948,700","250 S 18TH ST","1301"
"884","1,528","$723,000","250 S 18TH ST","1302"
"885","3,716","$1,676,500","250 S 18TH ST","1401"
"886","2,311","$1,076,200","250 S 18TH ST","1501"
"887","1,325","$570,600","250 S 18TH ST","1502"
"888","2,027","$948,700","250 S 18TH ST","1601"
"889","1,528","$723,000","250 S 18TH ST","1602"
"890","2,027","$1,007,500","250 S 18TH ST","201"
"891","1,528","$703,800","250 S 18TH ST","202"
"892","3,716","$1,676,500","250 S 18TH ST","301"
"893","2,027","$923,500","250 S 18TH ST","401"
"894","1,528","$703,800","250 S 18TH ST","402"
"895","2,027","$923,500","250 S 18TH ST","501"
"896","1,528","$703,800","250 S 18TH ST","502"
"897","2,027","$1,007,500","250 S 18TH ST","701"
"898","1,528","$703,800","250 S 18TH ST","702"
"899","2,027","$1,007,500","250 S 18TH ST","801"
"900","1,528","$703,800","250 S 18TH ST","802"
"901","2,027","$923,500","250 S 18TH ST","901"
"902","1,528","$703,800","250 S 18TH ST","902"
"903","1,225","$437,300","265 S 19TH ST","100"
"904","1,869","$608,600","265 S 19TH ST","200"
"905","1,050","$158,300","265 S 19TH ST","A"
